{"cameraMode":{"drawMode":0,"name":"Shaded","section":"Shading Mode"},"sceneLighting":true,"audioPlay":false,"sceneViewState":{"showFog":true,"showMaterialUpdate":false,"showSkybox":true,"showFlares":true,"showImageEffects":true,"showParticleSystems":true},"in2DMode":false,"pivot":{"x":1.9504069089889527,"y":-3.575770854949951,"z":10.943965911865235},"rotation":{"x":-0.09309468418359757,"y":-0.041211195290088657,"z":0.0038565059658139946,"w":-0.9947986006736755},"size":10.82036304473877,"orthographic":false}